IP地址,端口,回源端口,TLS,数据中心,地区,城市,TCP延迟(ms),速度(MB/s)
34.90.195.109,443,443,TRUE,FRA,Europe,Frankfurt,175,9.57
35.234.78.66,443,443,TRUE,FRA,Europe,Frankfurt,176,9.56
34.118.42.132,443,0,TRUE,FRA,Europe,Frankfurt,199,9.56
34.89.159.78,443,443,TRUE,FRA,Europe,Frankfurt,166,9.56
34.118.112.23,443,443,TRUE,FRA,Europe,Frankfurt,192,9.55
34.65.11.8,443,443,TRUE,FRA,Europe,Frankfurt,173,9.55
34.65.127.153,443,443,TRUE,FRA,Europe,Frankfurt,178,9.55
34.154.193.123,443,443,TRUE,FRA,Europe,Frankfurt,178,9.55
34.154.131.153,443,443,TRUE,FRA,Europe,Frankfurt,191,9.51
34.65.213.254,443,443,TRUE,FRA,Europe,Frankfurt,177,9.51
34.147.41.178,443,443,TRUE,FRA,Europe,Frankfurt,178,9.5
34.107.119.215,443,443,TRUE,FRA,Europe,Frankfurt,202,9.5
34.154.72.129,443,443,TRUE,FRA,Europe,Frankfurt,182,9.48
34.154.239.19,443,443,TRUE,FRA,Europe,Frankfurt,211,9.47
34.118.1.108,443,443,TRUE,FRA,Europe,Frankfurt,190,9.46
34.65.193.225,443,443,TRUE,FRA,Europe,Frankfurt,175,9.45
34.65.151.92,443,443,TRUE,FRA,Europe,Frankfurt,176,9.41
34.118.126.252,443,443,TRUE,FRA,Europe,Frankfurt,195,9.41
34.154.7.209,443,443,TRUE,FRA,Europe,Frankfurt,228,9.41
34.89.151.141,443,443,TRUE,FRA,Europe,Frankfurt,170,9.41
34.65.185.192,443,443,TRUE,FRA,Europe,Frankfurt,183,9.39
34.118.12.114,443,443,TRUE,FRA,Europe,Frankfurt,193,9.39
34.118.3.82,443,443,TRUE,FRA,Europe,Frankfurt,191,9.39
34.65.243.157,443,443,TRUE,FRA,Europe,Frankfurt,179,9.38
34.118.111.208,443,443,TRUE,FRA,Europe,Frankfurt,195,9.38
34.66.72.229,443,443,TRUE,ORD,North America,Chicago,196,9.38
34.118.115.199,443,443,TRUE,FRA,Europe,Frankfurt,188,9.38
34.154.143.35,443,443,TRUE,FRA,Europe,Frankfurt,249,9.38
34.65.52.186,443,443,TRUE,FRA,Europe,Frankfurt,180,9.37
34.89.168.9,443,443,TRUE,FRA,Europe,Frankfurt,171,9.37
34.90.233.120,443,443,TRUE,FRA,Europe,Frankfurt,179,9.37
34.118.46.250,443,443,TRUE,FRA,Europe,Frankfurt,189,9.35
34.118.112.135,443,443,TRUE,FRA,Europe,Frankfurt,202,9.35
34.116.132.252,443,443,TRUE,FRA,Europe,Frankfurt,191,9.34
34.118.83.159,443,443,TRUE,FRA,Europe,Frankfurt,190,9.34
34.65.67.185,443,443,TRUE,FRA,Europe,Frankfurt,188,9.34
34.65.226.161,443,443,TRUE,FRA,Europe,Frankfurt,183,9.33
34.91.18.119,443,443,TRUE,FRA,Europe,Frankfurt,176,9.33
34.154.49.18,443,443,TRUE,FRA,Europe,Frankfurt,181,9.33
34.116.224.156,443,443,TRUE,FRA,Europe,Frankfurt,189,9.32
34.118.51.188,443,443,TRUE,FRA,Europe,Frankfurt,190,9.32
34.116.252.167,443,443,TRUE,FRA,Europe,Frankfurt,192,9.31
35.204.211.243,443,443,TRUE,FRA,Europe,Frankfurt,176,9.31
34.34.21.165,443,443,TRUE,AMS,Europe,Amsterdam,176,9.31
34.154.57.211,443,443,TRUE,FRA,Europe,Frankfurt,181,9.3
34.116.219.249,443,443,TRUE,FRA,Europe,Frankfurt,193,9.3
34.65.204.207,443,443,TRUE,FRA,Europe,Frankfurt,191,9.3
34.118.116.97,443,443,TRUE,FRA,Europe,Frankfurt,221,9.29
34.154.158.75,443,443,TRUE,FRA,Europe,Frankfurt,250,9.29
34.154.116.167,443,443,TRUE,FRA,Europe,Frankfurt,199,9.29
34.118.54.237,443,443,TRUE,FRA,Europe,Frankfurt,192,9.29
34.91.166.255,443,443,TRUE,AMS,Europe,Amsterdam,177,9.27
34.154.201.23,443,443,TRUE,FRA,Europe,Frankfurt,173,9.27
34.116.222.145,443,443,TRUE,FRA,Europe,Frankfurt,188,9.27
34.89.138.30,443,443,TRUE,FRA,Europe,Frankfurt,173,9.26
34.34.40.79,443,443,TRUE,FRA,Europe,Frankfurt,219,9.25
34.118.85.231,443,443,TRUE,FRA,Europe,Frankfurt,260,9.24
34.91.254.161,443,443,TRUE,FRA,Europe,Frankfurt,175,9.24
34.65.30.192,443,443,TRUE,FRA,Europe,Frankfurt,175,9.24
34.89.151.141,443,443,TRUE,FRA,Europe,Frankfurt,169,9.24
34.118.103.144,443,443,TRUE,FRA,Europe,Frankfurt,194,9.24
34.141.210.131,443,443,TRUE,FRA,Europe,Frankfurt,194,9.23
34.65.217.176,443,443,TRUE,FRA,Europe,Frankfurt,175,9.21
34.154.155.112,443,443,TRUE,FRA,Europe,Frankfurt,179,9.21
34.65.157.38,443,443,TRUE,FRA,Europe,Frankfurt,175,9.21
34.118.90.236,443,443,TRUE,FRA,Europe,Frankfurt,189,9.21
34.65.168.20,443,443,TRUE,FRA,Europe,Frankfurt,195,9.2
35.204.154.178,443,443,TRUE,FRA,Europe,Frankfurt,178,9.2
34.89.159.78,443,443,TRUE,FRA,Europe,Frankfurt,170,9.2
34.91.195.98,443,443,TRUE,FRA,Europe,Frankfurt,183,9.19
34.116.215.27,443,443,TRUE,FRA,Europe,Frankfurt,188,9.18
34.118.65.97,443,443,TRUE,FRA,Europe,Frankfurt,208,9.17
34.118.20.0,443,443,TRUE,FRA,Europe,Frankfurt,188,9.16
34.154.64.192,443,443,TRUE,FRA,Europe,Frankfurt,187,9.16
34.65.208.58,443,443,TRUE,FRA,Europe,Frankfurt,171,9.15
34.65.227.171,443,443,TRUE,FRA,Europe,Frankfurt,176,9.15
34.116.229.62,443,443,TRUE,FRA,Europe,Frankfurt,189,9.14
34.118.8.36,443,443,TRUE,FRA,Europe,Frankfurt,190,9.14
34.118.61.66,443,443,TRUE,FRA,Europe,Frankfurt,194,9.12
34.65.244.35,443,443,TRUE,FRA,Europe,Frankfurt,175,9.12
34.91.167.241,443,443,TRUE,FRA,Europe,Frankfurt,177,9.11
34.65.48.167,443,443,TRUE,FRA,Europe,Frankfurt,175,9.1
34.154.155.61,443,443,TRUE,FRA,Europe,Frankfurt,179,9.1
34.65.13.41,443,443,TRUE,FRA,Europe,Frankfurt,189,9.1
34.65.48.167,443,443,TRUE,FRA,Europe,Frankfurt,187,9.09
34.118.17.145,443,443,TRUE,FRA,Europe,Frankfurt,190,9.09
34.91.29.106,443,443,TRUE,FRA,Europe,Frankfurt,181,9.08
34.118.120.60,443,443,TRUE,FRA,Europe,Frankfurt,190,9.07
34.118.68.119,443,443,TRUE,FRA,Europe,Frankfurt,193,9.07
34.89.168.9,443,0,TRUE,FRA,Europe,Frankfurt,168,9.06
34.65.199.119,443,443,TRUE,FRA,Europe,Frankfurt,182,9.06
35.198.120.88,443,443,TRUE,FRA,Europe,Frankfurt,188,9.05
34.65.221.238,443,443,TRUE,FRA,Europe,Frankfurt,225,9.05
34.116.231.238,443,443,TRUE,FRA,Europe,Frankfurt,194,9.04
34.65.185.192,443,443,TRUE,FRA,Europe,Frankfurt,179,9.03
34.86.241.215,443,443,TRUE,IAD,North America,Ashburn,212,9.03
34.118.60.134,443,443,TRUE,FRA,Europe,Frankfurt,193,9.03
34.65.235.165,443,443,TRUE,FRA,Europe,Frankfurt,174,9.01
34.150.180.124,443,443,TRUE,IAD,North America,Ashburn,210,9.01
34.118.17.145,443,443,TRUE,FRA,Europe,Frankfurt,197,9.01
34.116.222.76,443,443,TRUE,FRA,Europe,Frankfurt,192,9
34.118.90.236,443,443,TRUE,FRA,Europe,Frankfurt,188,9
34.65.226.161,443,443,TRUE,FRA,Europe,Frankfurt,173,9
34.150.133.11,443,443,TRUE,IAD,North America,Ashburn,211,8.99
34.118.103.144,443,443,TRUE,FRA,Europe,Frankfurt,192,8.99
34.118.42.132,443,443,TRUE,FRA,Europe,Frankfurt,188,8.99
34.91.227.44,443,443,TRUE,FRA,Europe,Frankfurt,176,8.97
34.118.99.186,443,443,TRUE,FRA,Europe,Frankfurt,191,8.97
34.154.152.131,443,443,TRUE,FRA,Europe,Frankfurt,177,8.96
34.147.126.181,443,443,TRUE,FRA,Europe,Frankfurt,247,8.96
34.118.12.136,443,443,TRUE,FRA,Europe,Frankfurt,187,8.96
34.150.180.124,443,443,TRUE,IAD,North America,Ashburn,212,8.96
34.118.64.15,443,443,TRUE,FRA,Europe,Frankfurt,189,8.96
34.65.42.175,443,443,TRUE,FRA,Europe,Frankfurt,174,8.96
34.118.100.194,443,443,TRUE,FRA,Europe,Frankfurt,209,8.96
34.118.121.235,443,443,TRUE,FRA,Europe,Frankfurt,198,8.94
34.86.241.215,443,443,TRUE,IAD,North America,Ashburn,218,8.94
34.65.226.161,443,443,TRUE,FRA,Europe,Frankfurt,173,8.92
34.65.27.255,443,443,TRUE,FRA,Europe,Frankfurt,197,8.92
34.118.77.33,443,443,TRUE,FRA,Europe,Frankfurt,189,8.91
34.65.127.153,443,443,TRUE,FRA,Europe,Frankfurt,178,8.9
34.118.49.153,443,443,TRUE,FRA,Europe,Frankfurt,179,8.9
34.147.41.178,443,443,TRUE,FRA,Europe,Frankfurt,180,8.9
34.145.145.76,443,443,TRUE,IAD,North America,Ashburn,213,8.9
34.65.168.20,443,443,TRUE,FRA,Europe,Frankfurt,176,8.9
34.65.199.119,443,443,TRUE,FRA,Europe,Frankfurt,193,8.9
34.150.133.11,443,443,TRUE,IAD,North America,Ashburn,211,8.89
34.154.154.29,443,443,TRUE,FRA,Europe,Frankfurt,193,8.89
34.118.8.36,443,443,TRUE,FRA,Europe,Frankfurt,190,8.88
34.90.191.52,443,443,TRUE,FRA,Europe,Frankfurt,176,8.87
34.116.233.114,443,443,TRUE,FRA,Europe,Frankfurt,190,8.86
34.65.30.192,443,443,TRUE,FRA,Europe,Frankfurt,180,8.86
34.65.117.30,443,443,TRUE,FRA,Europe,Frankfurt,163,8.85
34.65.243.249,443,443,TRUE,FRA,Europe,Frankfurt,174,8.84
34.154.3.12,443,443,TRUE,FRA,Europe,Frankfurt,205,8.84
34.118.117.35,443,443,TRUE,FRA,Europe,Frankfurt,192,8.83
34.65.42.175,443,443,TRUE,FRA,Europe,Frankfurt,177,8.82
34.154.122.73,443,443,TRUE,FRA,Europe,Frankfurt,175,8.81
34.90.5.4,443,443,TRUE,FRA,Europe,Frankfurt,173,8.81
35.200.238.235,443,443,TRUE,BOM,Asia Pacific,Mumbai,229,8.8
34.65.238.73,443,443,TRUE,FRA,Europe,Frankfurt,180,8.79
34.65.130.144,443,443,TRUE,FRA,Europe,Frankfurt,179,8.79
34.65.45.214,443,443,TRUE,FRA,Europe,Frankfurt,178,8.78
34.116.222.76,443,0,TRUE,FRA,Europe,Frankfurt,208,8.78
34.147.53.185,443,443,TRUE,FRA,Europe,Frankfurt,164,8.77
34.65.92.134,443,443,TRUE,FRA,Europe,Frankfurt,177,8.77
34.154.150.103,443,443,TRUE,FRA,Europe,Frankfurt,183,8.77
35.199.37.84,443,443,TRUE,IAD,North America,Ashburn,216,8.76
35.198.131.195,443,443,TRUE,FRA,Europe,Frankfurt,167,8.76
34.65.117.30,443,443,TRUE,FRA,Europe,Frankfurt,176,8.76
34.118.65.97,443,443,TRUE,FRA,Europe,Frankfurt,192,8.75
34.118.107.171,443,443,TRUE,FRA,Europe,Frankfurt,187,8.74
34.116.253.70,443,443,TRUE,FRA,Europe,Frankfurt,190,8.74
34.116.241.55,443,443,TRUE,FRA,Europe,Frankfurt,190,8.73
34.154.62.244,443,443,TRUE,FRA,Europe,Frankfurt,186,8.73
34.65.244.35,443,443,TRUE,FRA,Europe,Frankfurt,176,8.73
34.116.213.20,443,443,TRUE,FRA,Europe,Frankfurt,194,8.71
34.65.52.113,443,443,TRUE,FRA,Europe,Frankfurt,234,8.71
34.65.7.113,443,443,TRUE,FRA,Europe,Frankfurt,176,8.7
34.48.35.35,443,443,TRUE,IAD,North America,Ashburn,211,8.68
34.65.140.162,443,443,TRUE,FRA,Europe,Frankfurt,173,8.66
34.116.235.43,443,443,TRUE,FRA,Europe,Frankfurt,193,8.66
34.65.42.175,443,443,TRUE,FRA,Europe,Frankfurt,176,8.66
34.141.113.55,443,443,TRUE,FRA,Europe,Frankfurt,168,8.65
34.116.156.200,443,443,TRUE,FRA,Europe,Frankfurt,248,8.61
34.65.169.173,443,443,TRUE,FRA,Europe,Frankfurt,173,8.6
34.74.105.17,80,8080,FALSE,ATL,North America,Atlanta,219,8.57
34.116.203.237,443,443,TRUE,FRA,Europe,Frankfurt,190,8.56
34.65.2.140,443,443,TRUE,FRA,Europe,Frankfurt,176,8.56
34.48.35.35,443,443,TRUE,IAD,North America,Ashburn,217,8.54
34.65.40.201,443,443,TRUE,FRA,Europe,Frankfurt,229,8.53
34.118.58.248,443,443,TRUE,FRA,Europe,Frankfurt,190,8.49
34.65.188.136,443,443,TRUE,FRA,Europe,Frankfurt,173,8.48
34.74.105.17,80,8080,FALSE,ATL,North America,Atlanta,219,8.48
34.65.252.68,443,443,TRUE,FRA,Europe,Frankfurt,174,8.47
34.65.157.38,443,443,TRUE,FRA,Europe,Frankfurt,180,8.47
34.154.195.183,443,443,TRUE,FRA,Europe,Frankfurt,178,8.44
34.118.12.136,443,443,TRUE,FRA,Europe,Frankfurt,190,8.43
34.116.240.195,443,443,TRUE,FRA,Europe,Frankfurt,191,8.42
34.116.147.55,443,443,TRUE,FRA,Europe,Frankfurt,191,8.41
34.65.169.173,443,443,TRUE,FRA,Europe,Frankfurt,175,8.41
34.154.171.104,443,443,TRUE,FRA,Europe,Frankfurt,185,8.38
34.116.198.247,443,443,TRUE,FRA,Europe,Frankfurt,191,8.36
34.116.212.40,443,443,TRUE,FRA,Europe,Frankfurt,190,8.36
34.65.85.72,443,443,TRUE,FRA,Europe,Frankfurt,228,8.36
34.74.105.17,80,8080,FALSE,ATL,North America,Atlanta,218,8.36
34.154.144.59,443,443,TRUE,FRA,Europe,Frankfurt,177,8.35
34.86.241.215,443,443,TRUE,IAD,North America,Ashburn,217,8.34
130.41.41.233,8080,80,FALSE,ATL,North America,Atlanta,218,8.34
35.188.87.85,80,8080,FALSE,ORD,North America,Chicago,191,8.34
34.65.27.156,443,443,TRUE,FRA,Europe,Frankfurt,215,8.33
34.65.177.174,443,443,TRUE,FRA,Europe,Frankfurt,176,8.32
34.65.82.210,443,443,TRUE,FRA,Europe,Frankfurt,189,8.32
34.89.159.78,443,443,TRUE,FRA,Europe,Frankfurt,170,8.31
34.65.19.239,443,443,TRUE,FRA,Europe,Frankfurt,174,8.3
34.65.130.191,443,443,TRUE,FRA,Europe,Frankfurt,174,8.3
34.118.65.106,443,443,TRUE,FRA,Europe,Frankfurt,193,8.29
34.65.27.156,443,443,TRUE,FRA,Europe,Frankfurt,173,8.27
34.118.116.9,443,443,TRUE,FRA,Europe,Frankfurt,194,8.27
34.65.208.58,443,443,TRUE,FRA,Europe,Frankfurt,177,8.25
34.65.41.59,443,443,TRUE,FRA,Europe,Frankfurt,175,8.24
34.118.105.75,443,443,TRUE,FRA,Europe,Frankfurt,192,8.19
34.147.17.183,443,443,TRUE,FRA,Europe,Frankfurt,192,8.18
34.154.180.220,443,443,TRUE,FRA,Europe,Frankfurt,182,8.15
35.190.152.145,443,443,TRUE,ATL,North America,Atlanta,239,8.14
34.118.99.244,443,443,TRUE,FRA,Europe,Frankfurt,192,8.14
34.118.77.33,443,443,TRUE,FRA,Europe,Frankfurt,191,8.13
34.118.56.112,443,443,TRUE,FRA,Europe,Frankfurt,200,8.11
34.118.16.81,443,443,TRUE,FRA,Europe,Frankfurt,205,8.1
34.91.29.106,443,443,TRUE,FRA,Europe,Frankfurt,176,8.08
34.116.224.197,443,443,TRUE,FRA,Europe,Frankfurt,194,8.06
34.65.7.113,443,443,TRUE,FRA,Europe,Frankfurt,178,8.05
34.89.143.19,443,443,TRUE,FRA,Europe,Frankfurt,167,8.03
34.65.240.28,443,443,TRUE,FRA,Europe,Frankfurt,176,8.02
34.65.213.254,443,443,TRUE,FRA,Europe,Frankfurt,177,8.01
34.116.212.40,443,0,TRUE,FRA,Europe,Frankfurt,191,8.01
34.148.187.247,443,443,TRUE,ATL,North America,Atlanta,281,7.98
35.204.253.172,443,443,TRUE,FRA,Europe,Frankfurt,175,7.98
34.148.187.247,443,443,TRUE,ATL,North America,Atlanta,219,7.96
35.234.108.163,443,443,TRUE,FRA,Europe,Frankfurt,168,7.96
34.118.51.242,443,443,TRUE,FRA,Europe,Frankfurt,192,7.94
34.66.72.229,443,443,TRUE,ORD,North America,Chicago,197,7.9
34.65.130.33,443,443,TRUE,FRA,Europe,Frankfurt,175,7.89
34.91.133.41,443,0,TRUE,FRA,Europe,Frankfurt,192,7.89
34.91.15.225,443,443,TRUE,FRA,Europe,Frankfurt,223,7.88
34.65.241.102,443,443,TRUE,FRA,Europe,Frankfurt,199,7.86
35.204.138.58,443,443,TRUE,FRA,Europe,Frankfurt,176,7.85
34.65.36.136,443,443,TRUE,FRA,Europe,Frankfurt,177,7.85
34.116.141.170,443,0,TRUE,FRA,Europe,Frankfurt,190,7.84
34.154.197.8,443,443,TRUE,FRA,Europe,Frankfurt,211,7.83
34.154.232.106,443,443,TRUE,FRA,Europe,Frankfurt,186,7.82
34.90.191.52,443,443,TRUE,FRA,Europe,Frankfurt,176,7.82
34.65.10.225,443,443,TRUE,FRA,Europe,Frankfurt,218,7.78
34.65.11.153,443,443,TRUE,FRA,Europe,Frankfurt,207,7.77
34.65.193.225,443,443,TRUE,FRA,Europe,Frankfurt,208,7.77
34.116.248.73,443,443,TRUE,FRA,Europe,Frankfurt,244,7.77
34.65.64.197,443,443,TRUE,FRA,Europe,Frankfurt,217,7.71
34.65.240.58,443,443,TRUE,FRA,Europe,Frankfurt,177,7.71
34.116.239.73,443,443,TRUE,FRA,Europe,Frankfurt,190,7.6
34.65.29.108,443,443,TRUE,FRA,Europe,Frankfurt,172,7.55
34.65.13.41,443,443,TRUE,FRA,Europe,Frankfurt,183,7.55
34.147.117.132,443,443,TRUE,FRA,Europe,Frankfurt,249,7.52
34.34.28.93,443,443,TRUE,FRA,Europe,Frankfurt,205,7.48
34.141.15.247,443,443,TRUE,FRA,Europe,Frankfurt,178,7.36
34.65.130.144,443,443,TRUE,FRA,Europe,Frankfurt,176,7.32
34.89.234.44,443,443,TRUE,FRA,Europe,Frankfurt,155,7.3
34.65.101.177,443,443,TRUE,FRA,Europe,Frankfurt,185,7.3
34.65.40.201,443,443,TRUE,FRA,Europe,Frankfurt,213,7.27
34.65.30.192,443,443,TRUE,FRA,Europe,Frankfurt,178,7.26
34.65.13.217,443,443,TRUE,FRA,Europe,Frankfurt,175,7.23
34.154.95.194,443,443,TRUE,FRA,Europe,Frankfurt,210,7.19
34.74.105.17,80,8080,FALSE,ATL,North America,Atlanta,218,7.19
34.65.85.165,443,443,TRUE,FRA,Europe,Frankfurt,175,7.17
34.118.88.27,443,443,TRUE,FRA,Europe,Frankfurt,194,7.17
34.65.29.108,443,443,TRUE,FRA,Europe,Frankfurt,176,7.15
34.65.173.134,443,443,TRUE,FRA,Europe,Frankfurt,166,7.12
34.65.151.75,443,443,TRUE,FRA,Europe,Frankfurt,180,7.1
34.147.117.132,443,443,TRUE,FRA,Europe,Frankfurt,209,7.1
34.65.73.32,443,443,TRUE,FRA,Europe,Frankfurt,181,7.09
34.65.52.186,443,443,TRUE,FRA,Europe,Frankfurt,174,7.09
34.116.255.149,443,443,TRUE,FRA,Europe,Frankfurt,206,7.08
35.246.248.192,443,443,TRUE,FRA,Europe,Frankfurt,174,7.07
34.154.172.76,443,443,TRUE,FRA,Europe,Frankfurt,180,7.03
34.154.204.63,443,443,TRUE,FRA,Europe,Frankfurt,178,7
34.154.154.80,443,443,TRUE,AMS,Europe,Amsterdam,200,7
34.154.68.67,443,443,TRUE,FRA,Europe,Frankfurt,181,6.98
34.65.33.232,443,443,TRUE,FRA,Europe,Frankfurt,174,6.95
34.65.241.102,443,443,TRUE,FRA,Europe,Frankfurt,232,6.92
34.65.64.197,443,443,TRUE,FRA,Europe,Frankfurt,174,6.92
34.65.241.102,443,443,TRUE,FRA,Europe,Frankfurt,243,6.91
34.65.140.162,443,443,TRUE,FRA,Europe,Frankfurt,206,6.91
34.154.232.11,443,443,TRUE,FRA,Europe,Frankfurt,179,6.89
35.204.84.208,443,443,TRUE,FRA,Europe,Frankfurt,212,6.88
34.116.176.79,443,443,TRUE,FRA,Europe,Frankfurt,192,6.83
34.89.212.37,443,443,TRUE,FRA,Europe,Frankfurt,218,6.79
34.147.113.43,443,443,TRUE,FRA,Europe,Frankfurt,196,6.78
34.116.199.155,443,443,TRUE,FRA,Europe,Frankfurt,188,6.74
34.65.130.191,443,443,TRUE,FRA,Europe,Frankfurt,178,6.72
34.89.212.37,443,443,TRUE,FRA,Europe,Frankfurt,168,6.71
34.65.244.35,443,443,TRUE,FRA,Europe,Frankfurt,177,6.71
34.154.25.84,443,443,TRUE,FRA,Europe,Frankfurt,178,6.69
34.65.130.191,443,443,TRUE,FRA,Europe,Frankfurt,198,6.68
34.65.130.33,443,443,TRUE,FRA,Europe,Frankfurt,174,6.67
34.65.252.68,443,443,TRUE,FRA,Europe,Frankfurt,177,6.65
34.65.238.73,443,443,TRUE,FRA,Europe,Frankfurt,206,6.6
34.65.204.130,443,443,TRUE,FRA,Europe,Frankfurt,191,6.6
34.65.29.108,443,443,TRUE,FRA,Europe,Frankfurt,179,6.6
34.65.157.38,443,443,TRUE,FRA,Europe,Frankfurt,175,6.59
34.65.85.165,443,443,TRUE,FRA,Europe,Frankfurt,193,6.58
34.154.195.165,443,443,TRUE,FRA,Europe,Frankfurt,188,6.57
34.65.249.150,443,443,TRUE,FRA,Europe,Frankfurt,229,6.52
34.154.44.79,443,443,TRUE,FRA,Europe,Frankfurt,177,6.5
34.154.215.161,443,443,TRUE,FRA,Europe,Frankfurt,206,6.5
34.154.28.58,443,443,TRUE,FRA,Europe,Frankfurt,188,6.47
34.116.168.27,443,443,TRUE,FRA,Europe,Frankfurt,223,6.47
34.118.8.60,443,443,TRUE,FRA,Europe,Frankfurt,203,6.45
34.116.137.114,443,443,TRUE,FRA,Europe,Frankfurt,247,6.45
34.154.29.94,443,443,TRUE,FRA,Europe,Frankfurt,169,6.44
34.118.126.252,443,443,TRUE,FRA,Europe,Frankfurt,190,6.42
34.65.203.120,443,443,TRUE,FRA,Europe,Frankfurt,180,6.42
34.65.188.136,443,443,TRUE,FRA,Europe,Frankfurt,174,6.41
34.65.87.96,443,443,TRUE,FRA,Europe,Frankfurt,222,6.41
34.154.89.68,443,443,TRUE,FRA,Europe,Frankfurt,165,6.4
34.65.208.58,443,443,TRUE,FRA,Europe,Frankfurt,172,6.38
34.65.177.174,443,443,TRUE,FRA,Europe,Frankfurt,179,6.32
34.116.140.74,443,443,TRUE,FRA,Europe,Frankfurt,190,6.32
34.65.11.8,443,443,TRUE,FRA,Europe,Frankfurt,175,6.29
34.32.153.143,443,443,TRUE,FRA,Europe,Frankfurt,182,6.28
34.65.82.210,443,443,TRUE,FRA,Europe,Frankfurt,173,6.28
35.204.64.59,443,443,TRUE,FRA,Europe,Frankfurt,235,6.27
34.65.97.221,443,443,TRUE,FRA,Europe,Frankfurt,175,6.27
34.65.173.134,443,443,TRUE,FRA,Europe,Frankfurt,175,6.27
34.118.99.244,443,443,TRUE,FRA,Europe,Frankfurt,190,6.23
34.154.206.54,443,443,TRUE,FRA,Europe,Frankfurt,176,6.22
34.118.99.186,443,443,TRUE,FRA,Europe,Frankfurt,197,6.2
34.65.81.222,443,443,TRUE,FRA,Europe,Frankfurt,175,6.2
34.154.193.120,443,443,TRUE,FRA,Europe,Frankfurt,189,6.18
34.118.24.250,443,443,TRUE,FRA,Europe,Frankfurt,224,6.16
34.65.246.204,443,443,TRUE,FRA,Europe,Frankfurt,177,6.15
34.154.90.12,443,443,TRUE,FRA,Europe,Frankfurt,184,6.1
34.116.182.70,443,443,TRUE,FRA,Europe,Frankfurt,194,6.1
34.154.104.11,443,443,TRUE,FRA,Europe,Frankfurt,187,6.09
34.65.137.148,443,443,TRUE,FRA,Europe,Frankfurt,173,6.08
34.118.65.106,443,443,TRUE,FRA,Europe,Frankfurt,191,6.07
34.65.101.177,443,443,TRUE,FRA,Europe,Frankfurt,182,6.05
34.116.141.211,443,443,TRUE,FRA,Europe,Frankfurt,191,6.02
34.90.5.4,443,443,TRUE,FRA,Europe,Frankfurt,163,6
34.116.187.139,443,443,TRUE,FRA,Europe,Frankfurt,191,6
34.65.36.136,443,443,TRUE,FRA,Europe,Frankfurt,181,5.95
34.65.81.222,443,443,TRUE,FRA,Europe,Frankfurt,177,5.92
34.116.175.12,443,443,TRUE,FRA,Europe,Frankfurt,191,5.86
34.89.212.37,443,443,TRUE,FRA,Europe,Frankfurt,213,5.83
34.65.249.150,443,443,TRUE,FRA,Europe,Frankfurt,193,5.82
34.65.123.250,443,443,TRUE,FRA,Europe,Frankfurt,202,5.82
34.154.134.221,443,443,TRUE,FRA,Europe,Frankfurt,185,5.82
34.91.133.41,443,443,TRUE,FRA,Europe,Frankfurt,178,5.81
34.65.140.162,443,443,TRUE,FRA,Europe,Frankfurt,183,5.81
34.65.50.248,443,443,TRUE,FRA,Europe,Frankfurt,165,5.78
34.65.151.92,443,443,TRUE,FRA,Europe,Frankfurt,174,5.75
34.65.41.59,443,443,TRUE,FRA,Europe,Frankfurt,175,5.74
34.65.52.186,443,443,TRUE,FRA,Europe,Frankfurt,184,5.74
34.118.107.171,443,443,TRUE,FRA,Europe,Frankfurt,192,5.74
34.118.112.135,443,443,TRUE,FRA,Europe,Frankfurt,190,5.71
34.65.151.92,443,443,TRUE,FRA,Europe,Frankfurt,175,5.68
34.65.33.232,443,443,TRUE,FRA,Europe,Frankfurt,181,5.68
34.65.87.96,443,443,TRUE,FRA,Europe,Frankfurt,214,5.65
34.141.209.119,443,443,TRUE,FRA,Europe,Frankfurt,252,5.64
34.65.217.176,443,443,TRUE,FRA,Europe,Frankfurt,174,5.62
34.118.83.159,443,443,TRUE,FRA,Europe,Frankfurt,191,5.61
34.116.151.212,443,443,TRUE,FRA,Europe,Frankfurt,193,5.6
34.118.116.9,443,443,TRUE,FRA,Europe,Frankfurt,189,5.59
34.65.2.140,443,443,TRUE,FRA,Europe,Frankfurt,181,5.59
34.116.195.217,443,443,TRUE,FRA,Europe,Frankfurt,195,5.58
34.65.227.171,443,443,TRUE,FRA,Europe,Frankfurt,184,5.57
34.65.40.201,443,443,TRUE,FRA,Europe,Frankfurt,244,5.55
34.118.72.29,443,443,TRUE,FRA,Europe,Frankfurt,204,5.54
34.32.151.133,443,443,TRUE,FRA,Europe,Frankfurt,192,5.53
34.65.48.167,443,443,TRUE,FRA,Europe,Frankfurt,182,5.53
34.116.201.167,443,443,TRUE,FRA,Europe,Frankfurt,194,5.52
34.118.105.75,443,443,TRUE,FRA,Europe,Frankfurt,192,5.5
34.116.196.194,443,443,TRUE,FRA,Europe,Frankfurt,192,5.5
34.65.92.134,443,443,TRUE,FRA,Europe,Frankfurt,175,5.49
34.65.13.41,443,443,TRUE,FRA,Europe,Frankfurt,173,5.46
34.65.203.120,443,443,TRUE,FRA,Europe,Frankfurt,174,5.45
34.118.111.208,443,443,TRUE,FRA,Europe,Frankfurt,190,5.44
34.65.65.83,443,443,TRUE,FRA,Europe,Frankfurt,194,5.43
34.65.3.109,443,443,TRUE,FRA,Europe,Frankfurt,172,5.4
34.65.244.35,443,443,TRUE,FRA,Europe,Frankfurt,204,5.4
34.90.149.219,443,443,TRUE,FRA,Europe,Frankfurt,191,5.4
34.89.234.44,443,443,TRUE,FRA,Europe,Frankfurt,169,5.4
34.65.203.120,443,443,TRUE,FRA,Europe,Frankfurt,179,5.39
34.154.45.210,443,443,TRUE,FRA,Europe,Frankfurt,185,5.38
34.65.215.142,443,443,TRUE,FRA,Europe,Frankfurt,173,5.38
34.154.27.36,443,443,TRUE,FRA,Europe,Frankfurt,185,5.35
34.118.76.96,443,443,TRUE,FRA,Europe,Frankfurt,188,5.33
34.65.243.249,443,443,TRUE,FRA,Europe,Frankfurt,177,5.32
34.65.10.225,443,443,TRUE,FRA,Europe,Frankfurt,186,5.32
34.65.27.156,443,443,TRUE,FRA,Europe,Frankfurt,227,5.31
34.65.137.19,443,443,TRUE,FRA,Europe,Frankfurt,175,5.3
34.118.60.134,443,443,TRUE,FRA,Europe,Frankfurt,189,5.25
34.116.202.128,443,443,TRUE,FRA,Europe,Frankfurt,190,5.2
34.65.83.205,443,443,TRUE,FRA,Europe,Frankfurt,251,5.19
34.65.36.136,443,443,TRUE,FRA,Europe,Frankfurt,182,5.17
34.65.163.137,443,443,TRUE,FRA,Europe,Frankfurt,223,5.16
34.65.174.22,443,443,TRUE,FRA,Europe,Frankfurt,178,5.16
34.118.70.74,443,443,TRUE,FRA,Europe,Frankfurt,189,5.15
34.118.116.97,443,443,TRUE,FRA,Europe,Frankfurt,252,5.01
34.65.240.28,443,443,TRUE,FRA,Europe,Frankfurt,173,5.01
34.118.112.23,443,443,TRUE,FRA,Europe,Frankfurt,190,4.98
34.65.45.214,443,443,TRUE,FRA,Europe,Frankfurt,179,4.97
34.65.240.216,443,443,TRUE,FRA,Europe,Frankfurt,177,4.96
34.65.97.221,443,443,TRUE,FRA,Europe,Frankfurt,176,4.93
34.118.68.119,443,443,TRUE,FRA,Europe,Frankfurt,194,4.92
34.141.39.148,443,443,TRUE,FRA,Europe,Frankfurt,215,4.91
34.147.113.43,443,443,TRUE,FRA,Europe,Frankfurt,230,4.89
34.66.72.229,443,443,TRUE,ORD,North America,Chicago,193,4.89
34.65.215.142,443,443,TRUE,FRA,Europe,Frankfurt,177,4.88
34.118.58.248,443,443,TRUE,FRA,Europe,Frankfurt,190,4.87
34.105.233.161,443,443,TRUE,LHR,Europe,London,242,4.86
34.105.189.25,443,443,TRUE,LHR,Europe,London,221,4.85
34.116.197.210,443,443,TRUE,FRA,Europe,Frankfurt,192,4.83
34.118.88.27,443,443,TRUE,FRA,Europe,Frankfurt,188,4.8
34.65.238.73,443,443,TRUE,FRA,Europe,Frankfurt,177,4.77
34.65.45.214,443,443,TRUE,FRA,Europe,Frankfurt,176,4.74
34.65.65.83,443,443,TRUE,FRA,Europe,Frankfurt,179,4.71
34.65.130.33,443,443,TRUE,FRA,Europe,Frankfurt,174,4.71
34.65.189.135,443,443,TRUE,FRA,Europe,Frankfurt,205,4.7
34.116.141.170,443,443,TRUE,FRA,Europe,Frankfurt,198,4.65
34.65.227.171,443,443,TRUE,FRA,Europe,Frankfurt,176,4.62
34.154.213.202,443,443,TRUE,FRA,Europe,Frankfurt,231,4.62
34.65.68.41,443,443,TRUE,FRA,Europe,Frankfurt,177,4.62
34.65.163.137,443,443,TRUE,FRA,Europe,Frankfurt,218,4.62
34.65.153.178,443,443,TRUE,FRA,Europe,Frankfurt,177,4.6
34.65.82.210,443,443,TRUE,FRA,Europe,Frankfurt,180,4.57
34.65.240.28,443,443,TRUE,FRA,Europe,Frankfurt,180,4.5
34.65.204.207,443,443,TRUE,FRA,Europe,Frankfurt,272,4.49
34.65.27.255,443,443,TRUE,FRA,Europe,Frankfurt,243,4.43
34.147.114.136,443,443,TRUE,FRA,Europe,Frankfurt,180,4.42
34.34.40.79,443,443,TRUE,FRA,Europe,Frankfurt,201,4.32
34.116.172.36,443,443,TRUE,FRA,Europe,Frankfurt,180,4.29
34.65.73.32,443,443,TRUE,FRA,Europe,Frankfurt,250,4.25
34.32.145.169,443,443,TRUE,FRA,Europe,Frankfurt,174,4.22
34.65.173.134,443,443,TRUE,FRA,Europe,Frankfurt,163,4.19
34.116.132.90,443,443,TRUE,FRA,Europe,Frankfurt,212,4.17
34.65.215.142,443,443,TRUE,FRA,Europe,Frankfurt,177,4.17
34.116.172.212,443,443,TRUE,FRA,Europe,Frankfurt,188,4.15
34.65.11.153,443,443,TRUE,FRA,Europe,Frankfurt,202,4.15
34.65.221.238,443,443,TRUE,FRA,Europe,Frankfurt,179,4.14
34.65.153.178,443,443,TRUE,FRA,Europe,Frankfurt,177,4.12
165.85.31.44,8080,80,FALSE,GRU,South America,São Paulo,317,4.11
34.65.226.161,443,443,TRUE,FRA,Europe,Frankfurt,177,4.09
34.32.151.162,443,443,TRUE,FRA,Europe,Frankfurt,176,4.02
34.116.217.71,443,443,TRUE,FRA,Europe,Frankfurt,203,4
34.118.5.50,443,443,TRUE,FRA,Europe,Frankfurt,238,4
34.32.166.130,443,443,TRUE,FRA,Europe,Frankfurt,176,3.95
34.32.178.182,443,443,TRUE,FRA,Europe,Frankfurt,177,3.86
34.116.148.227,443,443,TRUE,FRA,Europe,Frankfurt,201,3.86
34.32.224.139,443,443,TRUE,FRA,Europe,Frankfurt,174,3.85
35.198.184.185,443,443,TRUE,FRA,Europe,Frankfurt,157,3.84
34.116.140.3,443,443,TRUE,FRA,Europe,Frankfurt,192,3.82
34.65.235.165,443,443,TRUE,FRA,Europe,Frankfurt,175,3.82
34.65.10.225,443,443,TRUE,FRA,Europe,Frankfurt,171,3.8
34.65.193.225,443,443,TRUE,FRA,Europe,Frankfurt,183,3.8
34.147.75.241,443,443,TRUE,FRA,Europe,Frankfurt,169,3.77
34.65.11.153,443,443,TRUE,FRA,Europe,Frankfurt,243,3.77
130.41.100.38,8080,80,FALSE,SCL,South America,Santiago,269,3.77
34.32.236.173,443,443,TRUE,FRA,Europe,Frankfurt,178,3.76
34.65.168.20,443,443,TRUE,FRA,Europe,Frankfurt,220,3.72
34.65.81.222,443,443,TRUE,FRA,Europe,Frankfurt,175,3.7
34.65.241.102,443,443,TRUE,FRA,Europe,Frankfurt,230,3.69
34.65.67.185,443,443,TRUE,FRA,Europe,Frankfurt,187,3.68
35.200.238.235,443,443,TRUE,BOM,Asia Pacific,Mumbai,264,3.68
34.32.230.208,443,443,TRUE,FRA,Europe,Frankfurt,175,3.67
34.65.19.239,443,443,TRUE,FRA,Europe,Frankfurt,174,3.67
34.32.190.132,443,443,TRUE,FRA,Europe,Frankfurt,176,3.67
34.32.245.59,443,443,TRUE,FRA,Europe,Frankfurt,180,3.64
34.32.153.143,443,443,TRUE,FRA,Europe,Frankfurt,183,3.63
34.65.101.177,443,443,TRUE,FRA,Europe,Frankfurt,174,3.6
34.65.177.174,443,443,TRUE,FRA,Europe,Frankfurt,173,3.59
34.65.137.19,443,443,TRUE,FRA,Europe,Frankfurt,174,3.58
34.65.174.22,443,443,TRUE,FRA,Europe,Frankfurt,183,3.57
34.65.163.137,443,443,TRUE,FRA,Europe,Frankfurt,179,3.49
34.32.160.141,443,443,TRUE,FRA,Europe,Frankfurt,223,3.48
34.65.254.225,443,443,TRUE,FRA,Europe,Frankfurt,176,3.46
34.90.159.221,443,443,TRUE,FRA,Europe,Frankfurt,188,3.45
34.65.68.41,443,443,TRUE,FRA,Europe,Frankfurt,173,3.44
34.65.139.204,443,443,TRUE,FRA,Europe,Frankfurt,173,3.44
34.118.117.35,443,443,TRUE,FRA,Europe,Frankfurt,191,3.41
34.65.243.249,443,443,TRUE,FRA,Europe,Frankfurt,179,3.39
34.118.72.29,443,443,TRUE,FRA,Europe,Frankfurt,198,3.38
34.65.139.204,443,443,TRUE,FRA,Europe,Frankfurt,178,3.37
34.65.236.103,443,443,TRUE,FRA,Europe,Frankfurt,181,3.35
34.65.210.130,443,443,TRUE,FRA,Europe,Frankfurt,194,3.34
34.65.236.103,443,443,TRUE,FRA,Europe,Frankfurt,174,3.33
34.65.92.134,443,443,TRUE,FRA,Europe,Frankfurt,176,3.33
34.118.121.235,443,443,TRUE,FRA,Europe,Frankfurt,193,3.33
34.65.3.109,443,443,TRUE,FRA,Europe,Frankfurt,182,3.22
34.65.139.204,443,443,TRUE,FRA,Europe,Frankfurt,175,3.21
35.204.207.136,443,443,TRUE,FRA,Europe,Frankfurt,214,3.2
34.65.229.235,443,443,TRUE,FRA,Europe,Frankfurt,183,3.17
34.65.192.238,443,443,TRUE,FRA,Europe,Frankfurt,199,3.13
34.65.192.238,443,443,TRUE,FRA,Europe,Frankfurt,174,3.11
34.32.151.133,443,443,TRUE,FRA,Europe,Frankfurt,179,3.06
34.32.211.129,443,443,TRUE,FRA,Europe,Frankfurt,176,3.06
34.65.7.113,443,443,TRUE,FRA,Europe,Frankfurt,172,3
34.65.243.249,443,443,TRUE,FRA,Europe,Frankfurt,183,2.96
34.142.51.100,443,443,TRUE,LHR,Europe,London,294,2.92
34.65.65.83,443,443,TRUE,FRA,Europe,Frankfurt,179,2.91
34.116.166.101,443,443,TRUE,FRA,Europe,Frankfurt,244,2.88
34.141.221.33,2096,80,FALSE,AMS,Europe,Amsterdam,166,2.81
34.90.5.4,443,443,TRUE,FRA,Europe,Frankfurt,203,2.77
34.141.221.33,2086,80,FALSE,AMS,Europe,Amsterdam,167,2.73
35.204.154.72,443,443,TRUE,FRA,Europe,Frankfurt,177,2.73
34.118.64.15,443,443,TRUE,FRA,Europe,Frankfurt,196,2.72
34.147.101.117,2053,80,FALSE,AMS,Europe,Amsterdam,167,2.71
34.65.13.217,443,443,TRUE,FRA,Europe,Frankfurt,174,2.7
34.147.101.117,2096,80,FALSE,AMS,Europe,Amsterdam,162,2.69
35.234.117.165,443,443,TRUE,FRA,Europe,Frankfurt,156,2.69
34.32.207.49,443,443,TRUE,FRA,Europe,Frankfurt,185,2.69
34.147.101.117,2083,80,FALSE,AMS,Europe,Amsterdam,164,2.67
34.140.239.154,2053,80,FALSE,CDG,Europe,Paris,166,2.64
34.175.7.231,2053,80,FALSE,MAD,Europe,Madrid,181,2.63
34.141.221.33,2087,80,FALSE,AMS,Europe,Amsterdam,165,2.61
34.140.239.154,2095,80,FALSE,CDG,Europe,Paris,162,2.61
34.175.99.73,2082,80,FALSE,MAD,Europe,Madrid,185,2.61
34.141.221.33,2052,80,FALSE,AMS,Europe,Amsterdam,167,2.6
34.175.244.157,2083,0,FALSE,MAD,Europe,Madrid,184,2.6
34.147.101.117,2082,80,FALSE,AMS,Europe,Amsterdam,169,2.59
34.141.221.33,2053,80,FALSE,AMS,Europe,Amsterdam,163,2.59
34.141.221.33,2083,80,FALSE,AMS,Europe,Amsterdam,164,2.58
34.141.221.33,2095,80,FALSE,AMS,Europe,Amsterdam,165,2.57
34.65.246.204,443,443,TRUE,FRA,Europe,Frankfurt,175,2.57
34.140.239.154,2096,80,FALSE,CDG,Europe,Paris,164,2.57
34.140.239.154,2087,80,FALSE,CDG,Europe,Paris,164,2.53
34.65.240.58,443,443,TRUE,FRA,Europe,Frankfurt,174,2.52
34.147.101.117,2095,80,FALSE,AMS,Europe,Amsterdam,166,2.52
34.140.239.154,2082,80,FALSE,CDG,Europe,Paris,162,2.51
34.175.133.251,2083,80,FALSE,MAD,Europe,Madrid,181,2.5
34.89.143.19,443,443,TRUE,FRA,Europe,Frankfurt,218,2.5
34.147.101.117,2086,80,FALSE,AMS,Europe,Amsterdam,165,2.48
34.141.248.249,2087,80,FALSE,AMS,Europe,Amsterdam,164,2.48
34.175.133.251,2082,80,FALSE,MAD,Europe,Madrid,179,2.47
34.65.221.238,443,443,TRUE,FRA,Europe,Frankfurt,166,2.46
34.65.52.113,443,443,TRUE,FRA,Europe,Frankfurt,208,2.46
34.147.101.117,2087,80,FALSE,AMS,Europe,Amsterdam,164,2.46
34.141.248.249,2082,80,FALSE,AMS,Europe,Amsterdam,186,2.44
34.175.95.58,2096,80,FALSE,MAD,Europe,Madrid,182,2.44
34.140.239.154,2086,80,FALSE,CDG,Europe,Paris,164,2.43
34.175.95.58,2086,80,FALSE,MAD,Europe,Madrid,182,2.42
34.175.133.251,2053,80,FALSE,MAD,Europe,Madrid,183,2.42
34.175.7.231,2087,80,FALSE,MAD,Europe,Madrid,184,2.42
34.65.117.30,443,443,TRUE,FRA,Europe,Frankfurt,261,2.41
34.140.239.154,2083,80,FALSE,CDG,Europe,Paris,162,2.4
34.141.221.33,2082,80,FALSE,AMS,Europe,Amsterdam,166,2.4
34.175.95.58,2095,80,FALSE,MAD,Europe,Madrid,182,2.4
34.175.95.58,2082,80,FALSE,MAD,Europe,Madrid,180,2.4
34.175.99.73,2095,80,FALSE,MAD,Europe,Madrid,182,2.39
34.175.133.251,2095,80,FALSE,MAD,Europe,Madrid,185,2.39
34.175.168.99,2052,80,FALSE,MAD,Europe,Madrid,185,2.39
34.175.133.251,2096,80,FALSE,MAD,Europe,Madrid,182,2.38
34.175.133.251,2087,80,FALSE,MAD,Europe,Madrid,181,2.38
34.175.161.245,2086,80,FALSE,MAD,Europe,Madrid,183,2.37
34.175.168.99,2087,80,FALSE,MAD,Europe,Madrid,184,2.37
34.175.99.73,2052,80,FALSE,MAD,Europe,Madrid,183,2.37
34.140.239.154,2052,80,FALSE,CDG,Europe,Paris,167,2.37
34.175.244.157,2086,80,FALSE,MAD,Europe,Madrid,182,2.36
34.175.133.251,2086,80,FALSE,MAD,Europe,Madrid,181,2.35
34.141.248.249,2086,80,FALSE,AMS,Europe,Amsterdam,167,2.35
34.175.133.251,2052,80,FALSE,MAD,Europe,Madrid,180,2.34
34.141.248.249,2096,80,FALSE,AMS,Europe,Amsterdam,163,2.34
34.175.244.157,2082,80,FALSE,MAD,Europe,Madrid,185,2.34
34.175.95.58,2052,80,FALSE,MAD,Europe,Madrid,184,2.32
34.175.95.58,2053,80,FALSE,MAD,Europe,Madrid,183,2.31
34.175.95.58,2083,80,FALSE,MAD,Europe,Madrid,180,2.31
34.175.95.58,2087,80,FALSE,MAD,Europe,Madrid,182,2.31
34.141.248.249,2053,80,FALSE,AMS,Europe,Amsterdam,162,2.3
34.141.248.249,2052,80,FALSE,AMS,Europe,Amsterdam,164,2.29
34.141.248.249,2083,80,FALSE,AMS,Europe,Amsterdam,166,2.29
34.175.7.231,2082,80,FALSE,MAD,Europe,Madrid,178,2.26
34.118.33.174,443,443,TRUE,FRA,Europe,Frankfurt,238,2.25
34.147.82.194,2053,80,FALSE,AMS,Europe,Amsterdam,162,2.25
34.175.168.99,2096,80,FALSE,MAD,Europe,Madrid,182,2.23
34.175.99.73,2086,80,FALSE,MAD,Europe,Madrid,179,2.23
34.65.83.205,443,443,TRUE,FRA,Europe,Frankfurt,197,2.23
34.175.143.15,2095,80,FALSE,MAD,Europe,Madrid,184,2.22
34.175.244.157,2053,80,FALSE,MAD,Europe,Madrid,179,2.21
34.154.192.112,443,443,TRUE,FRA,Europe,Frankfurt,249,2.2
34.175.244.157,2052,80,FALSE,MAD,Europe,Madrid,179,2.19
34.175.99.73,2096,80,FALSE,MAD,Europe,Madrid,181,2.19
34.175.7.231,2052,80,FALSE,MAD,Europe,Madrid,182,2.19
34.116.181.67,443,443,TRUE,FRA,Europe,Frankfurt,193,2.18
34.175.244.157,2087,80,FALSE,MAD,Europe,Madrid,185,2.15
34.141.248.249,2095,80,FALSE,AMS,Europe,Amsterdam,164,2.14
34.175.161.245,2053,0,FALSE,MAD,Europe,Madrid,181,2.14
34.65.204.130,443,443,TRUE,FRA,Europe,Frankfurt,163,2.13
34.89.143.19,443,443,TRUE,FRA,Europe,Frankfurt,156,2.11
34.154.137.154,443,443,TRUE,FRA,Europe,Frankfurt,171,2.1
34.65.229.235,443,443,TRUE,FRA,Europe,Frankfurt,181,2.08
34.65.27.255,443,443,TRUE,FRA,Europe,Frankfurt,165,1.96
34.118.120.60,443,443,TRUE,FRA,Europe,Frankfurt,188,1.95
34.65.169.173,443,443,TRUE,FRA,Europe,Frankfurt,181,1.87
34.32.207.49,443,443,TRUE,FRA,Europe,Frankfurt,205,1.8
34.65.204.130,443,443,TRUE,FRA,Europe,Frankfurt,242,1.77
34.65.123.250,443,443,TRUE,FRA,Europe,Frankfurt,179,1.76
34.118.89.29,443,443,TRUE,FRA,Europe,Frankfurt,179,1.75
34.116.222.44,443,443,TRUE,FRA,Europe,Frankfurt,179,1.74
34.147.75.241,443,443,TRUE,FRA,Europe,Frankfurt,200,1.69
34.32.245.59,443,443,TRUE,FRA,Europe,Frankfurt,194,1.6
34.154.184.119,443,443,TRUE,FRA,Europe,Frankfurt,164,1.6
34.118.67.21,443,443,TRUE,FRA,Europe,Frankfurt,199,1.56
34.89.234.44,443,443,TRUE,FRA,Europe,Frankfurt,178,1.55
34.65.210.130,443,443,TRUE,FRA,Europe,Frankfurt,191,1.51
34.65.137.148,443,443,TRUE,FRA,Europe,Frankfurt,227,1.49
34.90.149.219,443,443,TRUE,FRA,Europe,Frankfurt,177,1.48
34.65.52.113,443,443,TRUE,FRA,Europe,Frankfurt,205,1.47
34.154.31.203,443,443,TRUE,FRA,Europe,Frankfurt,196,1.44
34.154.251.177,443,443,TRUE,FRA,Europe,Frankfurt,165,1.44
34.32.181.239,443,443,TRUE,FRA,Europe,Frankfurt,165,1.42
34.147.17.183,443,443,TRUE,FRA,Europe,Frankfurt,200,1.41
34.65.50.248,443,443,TRUE,FRA,Europe,Frankfurt,232,1.26
34.147.53.185,443,443,TRUE,FRA,Europe,Frankfurt,189,1.18
34.154.198.9,443,443,TRUE,FRA,Europe,Frankfurt,180,1.13
34.65.249.150,443,443,TRUE,FRA,Europe,Frankfurt,231,1.1
35.234.71.151,443,443,TRUE,FRA,Europe,Frankfurt,155,1.01
34.147.126.181,443,443,TRUE,FRA,Europe,Frankfurt,255,0.99
34.32.145.169,443,443,TRUE,FRA,Europe,Frankfurt,192,0.99
34.118.33.174,443,443,TRUE,FRA,Europe,Frankfurt,271,0.95
34.65.10.225,443,0,TRUE,FRA,Europe,Frankfurt,185,0.78
34.32.166.130,443,443,TRUE,FRA,Europe,Frankfurt,207,0.61
34.159.97.220,443,443,TRUE,FRA,Europe,Frankfurt,178,0.55
34.32.222.166,443,443,TRUE,FRA,Europe,Frankfurt,178,0.51
34.65.123.250,443,443,TRUE,FRA,Europe,Frankfurt,219,0.41
34.65.73.32,443,443,TRUE,FRA,Europe,Frankfurt,176,0.4
34.118.85.231,443,443,TRUE,FRA,Europe,Frankfurt,232,0.39
34.154.86.221,443,443,TRUE,FRA,Europe,Frankfurt,188,0.36
34.65.221.238,443,443,TRUE,FRA,Europe,Frankfurt,176,0.35
34.34.67.135,443,443,TRUE,FRA,Europe,Frankfurt,196,0.24
34.32.190.132,443,443,TRUE,FRA,Europe,Frankfurt,190,0.18
35.227.174.52,80,0,FALSE,SEA,North America,Seattle,196,0.12
34.95.111.250,80,0,FALSE,SIN,Asia Pacific,Singapore,3,0.11
34.110.176.152,80,0,FALSE,SIN,Asia Pacific,Singapore,24,0.09
34.32.230.208,443,443,TRUE,FRA,Europe,Frankfurt,199,0.08
34.128.66.175,80,0,FALSE,SIN,Asia Pacific,Singapore,37,0.08
34.134.91.160,80,0,FALSE,ORD,North America,Chicago,192,0.07
35.188.72.3,80,0,FALSE,ORD,North America,Chicago,206,0.07
34.27.194.227,8443,443,TRUE,ORD,North America,Chicago,191,0.05
34.32.236.173,443,443,TRUE,FRA,Europe,Frankfurt,181,0.05
34.149.68.111,80,0,FALSE,SIN,Asia Pacific,Singapore,28,0.05
34.146.45.46,80,0,FALSE,SIN,Asia Pacific,Singapore,74,0.04
34.27.194.227,2053,443,TRUE,ORD,North America,Chicago,188,0.04
34.92.171.182,80,0,FALSE,HKG,Asia Pacific,Hong Kong,37,0.04
34.92.171.182,80,0,FALSE,HKG,Asia Pacific,Hong Kong,36,0.04
34.92.171.182,80,0,FALSE,HKG,Asia Pacific,Hong Kong,37,0.04
34.92.171.182,80,0,FALSE,HKG,Asia Pacific,Hong Kong,38,0.04
35.244.119.6,443,0,TRUE,SYD,Oceania,Sydney,132,0.04
35.188.72.3,443,0,TRUE,ORD,North America,Chicago,204,0.04
104.155.53.64,80,0,FALSE,CDG,Europe,Paris,163,0.04
34.67.161.168,80,0,FALSE,ORD,North America,Chicago,191,0.04
34.67.161.168,80,0,FALSE,ORD,North America,Chicago,191,0.04
34.92.111.70,80,0,FALSE,HKG,Asia Pacific,Hong Kong,43,0.04
34.69.253.52,80,0,FALSE,ORD,North America,Chicago,191,0.03
34.95.111.250,80,0,FALSE,SIN,Asia Pacific,Singapore,3,0.03
34.146.45.46,80,0,FALSE,SIN,Asia Pacific,Singapore,75,0.03
34.150.3.141,80,0,FALSE,HKG,Asia Pacific,Hong Kong,37,0.03
34.121.17.180,80,0,FALSE,ORD,North America,Chicago,199,0.03
34.135.54.87,80,0,FALSE,ORD,North America,Chicago,191,0.02
35.192.66.130,80,0,FALSE,ORD,North America,Chicago,188,0.02
34.121.17.180,80,0,FALSE,ORD,North America,Chicago,209,0.02
35.241.9.203,80,0,FALSE,ORD,North America,Chicago,3,0.02
34.101.196.118,80,0,FALSE,SIN,Asia Pacific,Singapore,33,0.02
34.101.196.118,80,0,FALSE,SIN,Asia Pacific,Singapore,16,0.02
34.101.196.118,80,0,FALSE,SIN,Asia Pacific,Singapore,22,0.02
34.111.68.8,80,0,FALSE,SIN,Asia Pacific,Singapore,21,0.01
35.247.195.135,80,0,FALSE,GRU,South America,São Paulo,321,0.01
34.107.208.220,80,0,FALSE,SIN,Asia Pacific,Singapore,16,0.01
34.92.228.196,80,80,FALSE,HKG,Asia Pacific,Hong Kong,37,0.01
34.92.228.196,80,80,FALSE,HKG,Asia Pacific,Hong Kong,39,0.01
34.92.228.196,80,80,FALSE,HKG,Asia Pacific,Hong Kong,36,0.01
34.92.228.196,80,80,FALSE,HKG,Asia Pacific,Hong Kong,36,0.01
34.92.228.196,443,443,TRUE,HKG,Asia Pacific,Hong Kong,53,0.01
34.92.228.196,443,443,TRUE,HKG,Asia Pacific,Hong Kong,51,0.01
34.92.228.196,443,443,TRUE,HKG,Asia Pacific,Hong Kong,38,0.01
34.92.228.196,443,443,TRUE,HKG,Asia Pacific,Hong Kong,40,0.01
35.230.237.32,80,0,FALSE,SIN,Asia Pacific,Singapore,1,0.01
35.184.199.202,80,0,FALSE,ORD,North America,Chicago,194,0.01
34.96.67.175,80,0,FALSE,KUL,Asia Pacific,Kuala Lumpur,38,0.01
35.230.234.174,80,0,FALSE,SIN,Asia Pacific,Singapore,3,0.01
34.144.230.100,80,0,FALSE,SJC,North America,San Jose,1,0.01
35.192.223.2,80,0,FALSE,ORD,North America,Chicago,194,0.01
34.87.17.86,80,0,FALSE,SIN,Asia Pacific,Singapore,2,0.01
34.87.17.86,80,0,FALSE,SIN,Asia Pacific,Singapore,2,0.01
34.87.17.86,80,0,FALSE,SIN,Asia Pacific,Singapore,1,0
34.96.225.108,8080,0,FALSE,HKG,Asia Pacific,Hong Kong,70,0
34.80.222.234,80,0,FALSE,HKG,Asia Pacific,Hong Kong,41,0
34.80.222.234,80,0,FALSE,HKG,Asia Pacific,Hong Kong,73,0
34.96.93.19,80,0,FALSE,SIN,Asia Pacific,Singapore,25,0
34.80.222.234,80,0,FALSE,HKG,Asia Pacific,Hong Kong,47,0
34.96.225.108,8080,0,FALSE,HKG,Asia Pacific,Hong Kong,37,0
34.96.225.108,8080,0,FALSE,HKG,Asia Pacific,Hong Kong,36,0
34.96.93.19,80,0,FALSE,SIN,Asia Pacific,Singapore,1,0
34.36.241.241,80,0,FALSE,SIN,Asia Pacific,Singapore,1,0
34.36.155.53,80,0,FALSE,SIN,Asia Pacific,Singapore,1,0
34.126.143.153,80,0,FALSE,SIN,Asia Pacific,Singapore,8,0
34.126.143.153,80,0,FALSE,SIN,Asia Pacific,Singapore,14,0
34.126.143.153,80,0,FALSE,SIN,Asia Pacific,Singapore,2,0
34.159.253.186,80,0,FALSE,TXL,Europe,Berlin,159,0
35.230.48.122,8080,0,FALSE,SEA,North America,Seattle,158,0
34.135.13.56,80,0,FALSE,ORD,North America,Chicago,194,0
34.72.109.102,80,0,FALSE,ORD,North America,Chicago,194,0
34.132.254.201,80,0,FALSE,ORD,North America,Chicago,195,0
34.72.109.102,80,0,FALSE,ORD,North America,Chicago,195,0
34.123.217.194,80,0,FALSE,ORD,North America,Chicago,194,0
34.123.217.194,80,0,FALSE,ORD,North America,Chicago,197,0
34.72.109.102,80,0,FALSE,ORD,North America,Chicago,195,0
34.123.217.194,80,0,FALSE,ORD,North America,Chicago,194,0
34.68.51.16,80,0,FALSE,ORD,North America,Chicago,188,0
34.96.67.175,80,0,FALSE,KUL,Asia Pacific,Kuala Lumpur,1,0
35.244.140.128,80,0,FALSE,LHR,Europe,London,6,0
35.247.124.181,80,80,FALSE,SEA,North America,Seattle,156,0
35.202.7.148,80,0,FALSE,ORD,North America,Chicago,196,0
34.120.35.204,80,0,FALSE,IAD,North America,Ashburn,6,0
34.107.201.158,80,0,FALSE,IAD,North America,Ashburn,14,0
34.120.35.204,80,0,FALSE,IAD,North America,Ashburn,36,0
35.240.116.140,80,0,FALSE,CDG,Europe,Paris,226,0
34.77.233.91,80,0,FALSE,CDG,Europe,Paris,169,0
34.77.233.91,80,0,FALSE,CDG,Europe,Paris,165,0
34.120.203.240,80,0,FALSE,SIN,Asia Pacific,Singapore,12,0
34.92.111.70,80,0,FALSE,HKG,Asia Pacific,Hong Kong,38,0
34.126.112.176,8080,0,FALSE,SIN,Asia Pacific,Singapore,12,0
34.100.190.34,80,0,FALSE,DEL,Asia Pacific,New Delhi,66,0
34.105.123.165,80,0,FALSE,SEA,North America,Seattle,157,0
34.105.123.165,80,0,FALSE,SEA,North America,Seattle,156,0
34.105.123.165,80,0,FALSE,SEA,North America,Seattle,157,0
34.100.190.34,80,0,FALSE,DEL,Asia Pacific,New Delhi,61,0
34.159.120.110,80,0,FALSE,FRA,Europe,Frankfurt,226,0
34.170.71.34,80,0,FALSE,ORD,North America,Chicago,194,0
34.77.233.91,80,0,FALSE,CDG,Europe,Paris,167,0
34.126.112.176,8080,0,FALSE,SIN,Asia Pacific,Singapore,2,0
34.27.137.124,80,0,FALSE,ORD,North America,Chicago,194,0
34.126.112.176,8080,0,FALSE,SIN,Asia Pacific,Singapore,1,0
35.220.132.211,8080,0,FALSE,HKG,Asia Pacific,Hong Kong,36,0
34.142.184.16,80,0,FALSE,SIN,Asia Pacific,Singapore,23,0
34.111.204.123,80,0,FALSE,SIN,Asia Pacific,Singapore,24,0
34.136.161.38,80,0,FALSE,DFW,North America,Dallas,196,0
34.117.85.196,80,0,FALSE,SIN,Asia Pacific,Singapore,1,0
34.102.244.136,80,0,FALSE,SIN,Asia Pacific,Singapore,1,0
35.227.211.1,80,0,FALSE,SIN,Asia Pacific,Singapore,1,0
34.120.203.240,80,0,FALSE,SIN,Asia Pacific,Singapore,1,0
34.107.191.120,80,0,FALSE,SIN,Asia Pacific,Singapore,1,0
34.107.201.158,80,0,FALSE,IAD,North America,Ashburn,1,0
34.120.222.161,80,0,FALSE,SIN,Asia Pacific,Singapore,1,0
35.230.236.158,80,0,FALSE,SIN,Asia Pacific,Singapore,1,0
34.87.17.86,80,0,FALSE,SIN,Asia Pacific,Singapore,2,0
35.227.217.5,80,80,FALSE,SIN,Asia Pacific,Singapore,2,0
35.244.184.119,80,0,FALSE,SIN,Asia Pacific,Singapore,15,0
34.101.99.100,80,0,FALSE,SIN,Asia Pacific,Singapore,15,0
34.128.66.175,80,0,FALSE,SIN,Asia Pacific,Singapore,16,0
34.107.191.120,80,0,FALSE,SIN,Asia Pacific,Singapore,18,0
34.120.222.161,80,0,FALSE,SIN,Asia Pacific,Singapore,21,0
34.101.44.165,80,0,FALSE,SIN,Asia Pacific,Singapore,21,0
34.110.205.106,80,0,FALSE,SIN,Asia Pacific,Singapore,24,0
34.111.151.28,80,0,FALSE,SIN,Asia Pacific,Singapore,24,0
34.101.99.100,80,0,FALSE,SIN,Asia Pacific,Singapore,25,0
34.95.111.250,80,0,FALSE,SIN,Asia Pacific,Singapore,25,0
34.111.151.28,80,0,FALSE,SIN,Asia Pacific,Singapore,26,0
34.101.44.165,80,0,FALSE,SIN,Asia Pacific,Singapore,26,0
34.128.84.187,80,0,FALSE,SIN,Asia Pacific,Singapore,36,0
34.110.205.106,80,0,FALSE,SIN,Asia Pacific,Singapore,36,0
35.229.172.56,80,0,FALSE,TPE,Asia Pacific,Taipei,42,0
34.84.154.47,80,0,FALSE,NRT,Asia Pacific,Tokyo,73,0
34.84.154.47,80,0,FALSE,NRT,Asia Pacific,Tokyo,74,0
34.84.154.47,80,0,FALSE,NRT,Asia Pacific,Tokyo,75,0
34.84.154.47,80,0,FALSE,NRT,Asia Pacific,Tokyo,80,0
130.41.228.222,8080,80,FALSE,SYD,Oceania,Sydney,87,0
35.233.172.5,80,0,FALSE,SEA,North America,Seattle,155,0
34.82.76.253,80,0,FALSE,SEA,North America,Seattle,156,0
34.82.188.91,443,443,TRUE,SEA,North America,Seattle,156,0
35.247.15.189,80,80,FALSE,SEA,North America,Seattle,157,0
35.233.250.18,80,0,FALSE,SEA,North America,Seattle,157,0
34.83.75.32,443,443,TRUE,SEA,North America,Seattle,157,0
34.82.188.91,443,443,TRUE,SEA,North America,Seattle,158,0
34.141.84.126,80,0,FALSE,FRA,Europe,Frankfurt,162,0
34.91.15.225,443,443,TRUE,FRA,Europe,Frankfurt,163,0
34.83.75.32,443,443,TRUE,SEA,North America,Seattle,168,0
34.89.204.90,443,443,TRUE,FRA,Europe,Frankfurt,170,0
34.91.231.189,443,443,TRUE,FRA,Europe,Frankfurt,174,0
34.91.83.233,443,443,TRUE,FRA,Europe,Frankfurt,174,0
34.90.149.219,443,443,TRUE,FRA,Europe,Frankfurt,175,0
34.65.212.138,443,0,TRUE,FRA,Europe,Frankfurt,176,0
34.65.212.138,443,0,TRUE,FRA,Europe,Frankfurt,177,0
34.65.87.96,443,443,TRUE,FRA,Europe,Frankfurt,177,0
34.65.212.138,443,0,TRUE,FRA,Europe,Frankfurt,178,0
34.91.159.161,443,443,TRUE,FRA,Europe,Frankfurt,179,0
34.90.250.73,443,443,TRUE,FRA,Europe,Frankfurt,179,0
34.89.212.37,443,0,TRUE,FRA,Europe,Frankfurt,186,0
34.118.12.114,443,443,TRUE,FRA,Europe,Frankfurt,189,0
34.65.212.138,443,0,TRUE,FRA,Europe,Frankfurt,189,0
34.27.194.227,8443,0,TRUE,ORD,North America,Chicago,191,0
34.116.231.238,443,443,TRUE,FRA,Europe,Frankfurt,191,0
34.68.51.16,80,0,FALSE,ORD,North America,Chicago,192,0
34.91.18.119,443,0,TRUE,FRA,Europe,Frankfurt,193,0
35.239.72.131,80,0,FALSE,ORD,North America,Chicago,195,0
34.72.109.102,80,0,FALSE,ORD,North America,Chicago,195,0
35.202.7.148,80,0,FALSE,ORD,North America,Chicago,195,0
34.32.224.139,443,443,TRUE,FRA,Europe,Frankfurt,196,0
35.202.7.148,80,0,FALSE,ORD,North America,Chicago,196,0
34.65.210.130,443,443,TRUE,FRA,Europe,Frankfurt,203,0
34.118.11.255,443,443,TRUE,FRA,Europe,Frankfurt,205,0
34.116.253.70,443,443,TRUE,FRA,Europe,Frankfurt,206,0
34.130.195.13,443,443,TRUE,YYZ,North America,Toronto,214,0
34.73.111.106,80,0,FALSE,ATL,North America,Atlanta,217,0
130.41.109.158,8080,80,FALSE,IAD,North America,Ashburn,218,0
35.196.72.166,443,443,TRUE,ATL,North America,Atlanta,218,0
34.73.111.106,80,0,FALSE,ATL,North America,Atlanta,219,0
35.196.227.34,80,0,FALSE,ATL,North America,Atlanta,219,0
34.73.111.106,80,0,FALSE,ATL,North America,Atlanta,219,0
35.231.5.47,80,0,FALSE,ATL,North America,Atlanta,219,0
34.73.111.106,80,0,FALSE,ATL,North America,Atlanta,220,0
35.246.163.119,443,0,TRUE,FRA,Europe,Frankfurt,223,0
34.116.222.44,443,443,TRUE,FRA,Europe,Frankfurt,224,0
34.118.16.81,443,0,TRUE,FRA,Europe,Frankfurt,240,0
34.145.66.39,8080,8080,FALSE,MAA,Asia Pacific,Chennai,394,0
